abrams-lobster	9	Abrams Lobster	A giant Awakened lobster (Homarus immanis) thriving in the PCB-enriched coastal waters of the North Sea. Grips prey in its claws and crushes it.	Shallow coastal regions, seabeds, estuaries
afanc	11	Afanc	A crocodile-like dracoform (Crocodylus cymri) with a flat beaver-like tail, roughly 3 m plus a 1.5 m tail and ~375 kg of green-brown muscle. It digs, lives semi-socially, and ambushes large prey — sheep, cattle, even people — from the water.	Rivers and estuaries
aitvaras	13	Aitvaras	A small dracoform — a flying serpent (Alutsewerpens lithuania) of Baltic folklore. Said to guard and protect its lair; extremely dangerous if cornered or threatened.	Hills, forest and woodlands, grasslands
bayard	15	Bayard	A large magical horse (Equus maximus) that can painfully dissolve into mist. Prized by horseflesh merchants; peaceful and benign unless abused.	Grassy plains, low hills
bean-sidhe	17	Bean Sidhe	The Celtic banshee (Spectris lamentaris) — a wailing death-spirit attached to a clan. Distinct from (and far more elaborate than) the system's generic Banshee. Dual-natured; at least one Tir Nan Og bean sidhe also casts manipulation spells.	Celtic wild lands
blackberry-cat	19	Blackberry Cat	A small, sly Awakened black cat (Felis nigra) that holds strong territorial ideas and toys with intruders using its mind-affecting powers. Sometimes kept as a (dangerous) pet.	Woodland, heaths, rocky hills, fringes of urban areas
brocken-bow	21	Brocken Bow	The vengeful spirit of a woman burned in the witch trials (no accepted taxonomy). All Brocken bows have Essence Drain; roll 1D6 per other listed power — on a 1 that individual lacks it.	Hills and mountains, wild lands
bulldog-stoat	23	Bulldog Stoat	A vicious little Awakened stoat (Mustela stalini) used as a security animal. On a damaging bite it fastens to the wound, dealing escalating damage (7L, 8L, 9L…) on action 3 + 1D6 turns until killed or sated with blood.	Woodland, hedgerows, grassland, rough grassland, moors
burrowing-beaver	25	Burrowing Beaver	A large Awakened beaver (Castor efforderis) that digs extensive tunnels and collapses them on intruders. Russian specimens are twice the size and ferocious enough to kill a bear one-on-one.	In and around rivers and lakes, in wooded country
centaur	27	Centaur	A horse-bodied Awakened creature (Equus sagittarius); some are seen armed with polearms and armour near draco lairs.	Grasslands, moors, woodland, low-lying hills
cerberus-hound	29	Cerberus Hound	A three-headed Awakened dog (Canis cerberi), impossible to surprise and often magically active. Blow off one head and it keeps coming.	Rocky hills, plateaux, mountains, barren land
corps-cadavre	31	Corps Cadavre	A zombie — an animated corpse conditioned for simple labour or security. It never tires and feels no pain, but is slow and only semi-intelligent.	No natural habitat
crested-barbarian	33	Crested Barbarian	An Awakened macaque (Macaca cristatus) with a vicious temperament; some carry a horrible plague virus (Pestilence). Several escaped the Cordoba labs in 2051.	Hills, barren lands, low mountain slopes
dakkaryne	35	Dakkaryne	A corrosive Awakened otter (Lutra ederis) of polluted waters, dissolving prey in acidic secretions. The old ones may possess shamanic talents.	Polluted acidic rivers, lakes, canals (not sea water)
dog-asp	37	Dog Asp	A slow-moving venomous Awakened viper (Vipera pseudocanis aspis) that nests and ambushes lone wanderers. Its mimicry can act as a hypnotic song with a slight change of tone.	Very varied, mountains to coast; prefers grasslands
each-uisge	39	Each-Uisge	A man-eating water-horse of Scottish legend: it lures riders, then its highly adhesive skin traps them as it drags them under to drown and devour.	Freshwater rivers, lochs, lakes, estuaries and fjords (seawater-tolerant)
european-gargoyle	41	European Gargoyle	A stone-skinned winged gargoyle (Gargoyle saxsexus) that perches on tall derelict buildings. More dangerous the more it is injured.	Tall buildings, usually derelict
fenrir-wolf	43	Fenrir Wolf	A giant Norse wolf (Canis lupus aesir) of legend — fearsome, magically resistant, and most dangerous when wounded.	Forests and heavy woodlands
flame-jackal	45	Flame Jackal	A jackal (Canis igni) that projects fire, gaining the ability at maturity. It uses decoy strategies rather than its flames to keep predators from its young.	Steppe, scrub, low hills, outskirts of urban areas
fomorian	47	Fomorian	A savage giant of Irish myth (Homo foeditas) — a hulking, corrosive bog-dweller, often confused with trolls and the dzoo-noo-qua.	Marshes, peat bogs, woodland, forest
foulmart	49	Foulmart	An Awakened polecat (Mustela putorius magnus) whose foul musk spray is harvested as an antipersonnel deterrent. The reek lingers for weeks and makes skin peel.	Woodland, riverbanks, urban fringes
ghede-fly	51	Ghede Fly	A giant Awakened biting fly (Culex pestilans). Females drain blood and Essence and carry a cyclical VITAS-related disease; males attack with mandibles.	Marshes, swamps, heavily polluted and slow-moving freshwater
goblin	53	Goblin	A goblinized being (Homo bestius) created by a goblin-inducing HMHVV strain, spread directly from individual to individual. Drains Essence permanently.	Underground areas, urban or rural
golden-boar	55	Golden Boar	An Awakened boar (Sus aureus) with golden tusks prized for enchanting — each male tusk is a unit of virgin telesma (two make a magical dagger).	Heavy woodland, forest
gorgon	57	Gorgon	A petrifying sea-dragon (Draco odiosus fabulosus). It walks up to a victim, petrifies them with its gaze, and pulls the head clean off.	Coastal waters
grandfather-elk	59	Grandfather Elk	A nearly-immortal, wise Awakened elk (Alces alces vetustus) — a gentle protector of its herd, with one deadly enemy in the fenrir wolf.	Marshland, woodland
hydra-wyrm	61	Hydra Wyrm	A multi-headed aquatic wyrm (Pleuracanthus polycaput) that develops a taste for flesh and savages anyone near its waters.	Deep lakes, deep river estuaries (rare)
imperial-eagle	63	Imperial Eagle	A majestic Awakened eagle (Aquila augustus) revered as a wise 'Old One' and medicine-lodge spirit; it senses approaching storms.	Hills, mountains, forests
jauchekafer	65	Jauchekafer	A giant Awakened dung/stag beetle (Lucanus fimus) breeding in sewers and polluted ground; its larvae lurk in warm city drains.	Polluted terrains (especially marshy, wet)
kludde	67	Kludde	A Belgian shapeshifting spirit (no accepted taxonomy) with three forms — avian, canine, and feline. Dogs and cats always know it for what it is.	Urban fringes, plains, grassland, light woodland
meistersinger	69	Meistersinger	A vast, wise Awakened whale (Megaptera palestrina) whose songs carry memory and meaning; it reincarnates alternately as male and female.	Cold/cool oceans
merlin-hawk	71	Merlin Hawk	A magically-active Awakened falcon (Falco velox) that casts spells and works alongside the druids and bards of Wales, Scotland and Brittany.	Grassland, hills, moorland; coasts in winter
nimues-salamander	73	Nimue's Salamander	A small Swiss salamander (Salamandra exhaurius) that short-circuits magic: it drains the Force from spells cast near it and absorbs the energy to empower itself.	Damp upland woods, Alpine springs, rivers
nosferatu	75	Nosferatu	A blind vampire variant (Sanguisuga europa caecus) that begins as an infected metahuman, keeping most of its attributes. Unlike the common vampire it can drain Essence permanently without limit.	Urban (lives among humans)
oracle-owl	77	Oracle Owl	A prophetic Awakened owl (Bubo ignavus maiusculus) reputed for precognition — its acute senses pick up faint seismic and pollutant cues before disaster strikes.	Dense woodland (wild)
pegasus	79	Pegasus	The winged horse of legend (Equus volatilis amplus), graceful and swift on the wing.	Grasslands, plains
peryton	81	Peryton	A winged stag (Cervus insolens) of ill omen, said to cast a man-shaped shadow.	Cliffs, hills, foothills
protean	83	Protean	A giant corrosive amoeba (Entamoeba imitatrix) that engulfs and digests prey, mimicking its victims' appearance. It oozes through moist ground and splits when it grows too large.	Acidic lakes and rivers, marshes, swamps, any non-urban moist ground
quicksilver-mongoose	85	Quicksilver Mongoose	A lightning-fast Awakened mongoose (Herpestes illustris) and consummate snake-killer that dances its prey into a stupor before the kill.	Scrub and open woodland
satyr	87	Satyr	A goat-legged Awakened creature (Capra satyrus) — a nimble climber fond of fermented fruit juice and bananas. (PAE critter, distinct from the Companion's satyr metahuman.)	Rocky hills and foothills
scintillant-albatross	89	Scintillant Albatross	A great Awakened albatross (Diomedea scintillans) of the northern seas whose scintillating plumage can dazzle and blind; at the equinox the males turn deadly.	Oceans and seashore cliffs
scorpyrine	91	Scorpyrine	A fire-immune Awakened scorpion (Euscorpius igneus) often conditioned as a security animal; it strikes with claws and a venomous sting.	Wide range (prefers rocks, stones, brick walls, buildings)
spitting-pike	93	Spitting Pike	A large predatory Awakened pike (Esox sputare) that spits corrosive saliva at prey before closing to bite and engulf.	Freshwater lakes, rivers
sprite	95	Sprite	A tiny winged fairy (no accepted taxonomy) of Tir Nan Og, quick and elusive.	Insufficient data
stone-toad	97	Stone Toad	A magical toad (Bombina invisus) whose skin secretes acid when startled and a sebaceous hallucinogen when calm; its forebrain bone is prized for enchanting.	Varied, but always moist terrain
storm-dolphin	99	Storm Dolphin	An aggressive, militant Awakened dolphin (Delphinus periculosis); its pods strike back hard at those who foul the seas.	Temperate oceans and seas
stymphalian	101	Stymphalian	A metal-feathered marsh bird (Ardea foedus) of Greek myth that launches its razor feathers like arrows.	Marshes, swamps, estuaries, rivers, coastal waters
tarantella	103	Tarantella	A giant Awakened wolf spider (Lycosa saltator) whose venom sets victims dancing uncontrollably. Kept, improbably, as a pet.	Wide range of damp land terrains
vampiric-pawn	105	Vampiric Pawn	A thrall (no accepted taxonomy) made when a vampire or nosferatu drains a victim's Essence to 0 and feeds it their blood. It keeps its former self's attributes and serves its master.	With its vampiric/nosferatu master
volleying-porcupine	107	Volleying Porcupine	An Awakened porcupine (Hystrix sagittarius) that launches volleys of quills at attackers; a melee attacker risks getting stuck.	Rocky terrain, woodland
wild-minotaur	109	Wild Minotaur	A savage bull-headed brute (Aurochs atrox) lurking in caves and tunnels; it is unaffected by all illusion spells.	Caves, underground excavations
wraith	111	Wraith	A malevolent free spirit (Umbra metuculosus) born of violence, haunting the places where it died and driving the living to harm one another.	Sites of violence, rural or urban
wyrd-mantis	113	Wyrd Mantis	A giant Awakened praying mantis (Mantis malus); the larger females are the dangerous ones, and insect shamans prize them.	Woodland, forest
domovoi	116	Domovoi	A Slavic house-spirit (Anima mansuetas) — a free-willed brownie-like servant that adopts a rural household, guards it, and warns of danger. It fears cats and dogs.	Households in rural areas
knocker	119	Knocker	A reclusive mining spirit (a knocker or rapper) that haunts mountains and mines, glamouring its territory and triggering 'accidental' rockfalls to drive off intruders.	Inside mountains and hills, inside mines
wild-hunt-hound	120	Wild Hunt — Hound	A spectral hound of the Wild Hunt — part of a ghostly host that rides the night sky. Travels (usually flying) over any terrain.	No natural habitat
wild-hunt-steed	120	Wild Hunt — Steed	A fiery spectral steed of the Wild Hunt, carrying a ghostly huntsman across the sky and breathing flame.	No natural habitat
wild-hunt-huntsman	120	Wild Hunt — Huntsman	A spectral huntsman of the Wild Hunt — one of the riders in the ghostly host.	No natural habitat
wild-hunt-leader	120	Wild Hunt — Leader	The lead huntsman of the Wild Hunt — the most powerful member of the host, immune to illusion and able to bend the storm and the beasts to its will.	No natural habitat
